[
{
    "model": "galaxy.astronomicalobjectscale",
    "pk": 1,
    "fields": {
        "name": "\u041e\u0434\u0438\u043d\u043e\u0447\u043d\u044b\u0435 \u043e\u0431\u044a\u0435\u043a\u0442\u044b"
    }
},
{
    "model": "galaxy.astronomicalobjectscale",
    "pk": 2,
    "fields": {
        "name": "\u0421\u0438\u0441\u0442\u0435\u043c\u044b"
    }
},
{
    "model": "galaxy.astronomicalobjectscale",
    "pk": 3,
    "fields": {
        "name": "\u041c\u0430\u0441\u0448\u0442\u0430\u0431\u043d\u044b\u0435 \u0441\u0442\u0440\u0443\u043a\u0442\u0443\u0440\u044b"
    }
},
{
    "model": "galaxy.classificationtype",
    "pk": 3,
    "fields": {
        "name": "\u0422\u0443\u043c\u0430\u043d\u043d\u043e\u0441\u0442\u0438"
    }
},
{
    "model": "galaxy.classificationtype",
    "pk": 4,
    "fields": {
        "name": "\u0413\u0430\u043b\u0430\u043a\u0442\u0438\u043a\u0438"
    }
},
{
    "model": "galaxy.classificationtype",
    "pk": 5,
    "fields": {
        "name": "\u0421\u0438\u0441\u0442\u0435\u043c\u044b"
    }
},
{
    "model": "galaxy.classificationtype",
    "pk": 6,
    "fields": {
        "name": "\u0417\u0432\u0451\u0437\u0434\u044b"
    }
},
{
    "model": "galaxy.astronomicalobjecttype",
    "pk": 3,
    "fields": {
        "name": "\u042d\u043c\u0438\u0441\u0441\u0438\u043e\u043d\u043d\u044b\u0435"
    }
},
{
    "model": "galaxy.astronomicalobjecttype",
    "pk": 4,
    "fields": {
        "name": "\u041e\u0442\u0440\u0430\u0436\u0430\u0442\u0435\u043b\u044c\u043d\u044b\u0435"
    }
},
{
    "model": "galaxy.astronomicalobjecttype",
    "pk": 5,
    "fields": {
        "name": "\u0422\u0451\u043c\u043d\u044b\u0435"
    }
},
{
    "model": "galaxy.astronomicalobjecttype",
    "pk": 6,
    "fields": {
        "name": "\u041e\u0431\u043b\u0430\u0441\u0442\u0438 H I"
    }
},
{
    "model": "galaxy.astronomicalobjecttype",
    "pk": 7,
    "fields": {
        "name": "\u0421\u043a\u043e\u043f\u043b\u0435\u043d\u0438\u044f"
    }
},
{
    "model": "galaxy.astronomicalobjecttype",
    "pk": 8,
    "fields": {
        "name": "\u0421\u0432\u0435\u0440\u0445\u0441\u043a\u043e\u043f\u043b\u0435\u043d\u0438\u044f"
    }
},
{
    "model": "galaxy.astronomicalobjecttype",
    "pk": 9,
    "fields": {
        "name": "\u0433\u0430\u043b\u0430\u043a\u0442\u0438\u0447\u0435\u0441\u043a\u0438\u0435 \u043a\u043e\u043c\u043f\u043e\u043d\u0435\u043d\u0442\u044b"
    }
},
{
    "model": "galaxy.astronomicalobjecttype",
    "pk": 10,
    "fields": {
        "name": "\u041f\u043e \u043c\u043e\u0440\u0444\u043e\u043b\u043e\u0433\u0438\u0438"
    }
},
{
    "model": "galaxy.astronomicalobjecttype",
    "pk": 11,
    "fields": {
        "name": "\u041f\u043e \u0440\u0430\u0437\u043c\u0435\u0440\u0430\u043c"
    }
},
{
    "model": "galaxy.astronomicalobjecttype",
    "pk": 12,
    "fields": {
        "name": "\u041f\u043e \u0442\u0438\u043f\u0443"
    }
},
{
    "model": "galaxy.astronomicalobjecttype",
    "pk": 13,
    "fields": {
        "name": "\u0417\u0432\u0435\u0437\u0434\u043e\u043e\u0431\u0440\u0430\u0437\u0443\u044e\u0449\u0438\u0435"
    }
},
{
    "model": "galaxy.astronomicalobjecttype",
    "pk": 14,
    "fields": {
        "name": "\u0422\u0451\u043c\u043d\u044b\u0435 (\u0433\u0438\u043f\u043e\u0442\u0435\u0437\u0430.)"
    }
},
{
    "model": "galaxy.astronomicalobjecttype",
    "pk": 15,
    "fields": {
        "name": "\u041f\u0440\u043e\u0442\u043e\u0433\u0430\u043b\u0430\u043a\u0442\u0438\u043a\u0438 (\u0433\u0438\u043f\u043e\u0442\u0435\u0437\u0430.)"
    }
},
{
    "model": "galaxy.astronomicalobjecttype",
    "pk": 16,
    "fields": {
        "name": "\u0421 \u0410\u043a\u0442\u0438\u0432\u043d\u044b\u043c\u0438 \u044f\u0434\u0440\u0430\u043c\u0438"
    }
},
{
    "model": "galaxy.astronomicalobjecttype",
    "pk": 17,
    "fields": {
        "name": "\u041f\u043b\u0430\u043d\u0435\u0442\u043d\u044b\u0435"
    }
},
{
    "model": "galaxy.astronomicalobjecttype",
    "pk": 18,
    "fields": {
        "name": "\u0417\u0432\u0451\u0437\u0434\u043d\u044b\u0435"
    }
},
{
    "model": "galaxy.astronomicalobjecttype",
    "pk": 19,
    "fields": {
        "name": "\u0414\u0432\u043e\u0439\u043d\u044b\u0435 \u0437\u0432\u0451\u0437\u0434\u044b"
    }
},
{
    "model": "galaxy.astronomicalobjecttype",
    "pk": 20,
    "fields": {
        "name": "\u0422\u0440\u043e\u0439\u043d\u044b\u0435 \u0437\u0432\u0451\u0437\u0434\u044b"
    }
},
{
    "model": "galaxy.astronomicalobjecttype",
    "pk": 21,
    "fields": {
        "name": "\u041a\u0440\u0430\u0442\u043d\u044b\u0435 \u0437\u0432\u0451\u0437\u0434\u044b"
    }
},
{
    "model": "galaxy.astronomicalobjecttype",
    "pk": 22,
    "fields": {
        "name": "\u0421\u043f\u0435\u043a\u0442\u0440\u0430\u043b\u044c\u043d\u044b\u0435 \u043a\u043b\u0430\u0441\u0441\u044b \u0437\u0432\u0451\u0437\u0434"
    }
},
{
    "model": "galaxy.astronomicalobjecttype",
    "pk": 23,
    "fields": {
        "name": "\u0417\u0432\u0451\u0437\u0434\u043d\u044b\u0435 \u043d\u0430\u0441\u0435\u043b\u0435\u043d\u0438\u044f III, II, I"
    }
},
{
    "model": "galaxy.astronomicalobjecttype",
    "pk": 24,
    "fields": {
        "name": "\u041f\u0435\u043a\u0443\u043b\u044f\u0440\u043d\u044b\u0435 \u0437\u0432\u0451\u0437\u0434\u044b"
    }
},
{
    "model": "galaxy.astronomicalobjecttype",
    "pk": 25,
    "fields": {
        "name": "\u0417\u0432\u0451\u0437\u0434\u043d\u0430\u044f \u044d\u0432\u043e\u043b\u044e\u0446\u0438\u044f"
    }
},
{
    "model": "galaxy.astronomicalobjecttype",
    "pk": 26,
    "fields": {
        "name": "\u041f\u0435\u0440\u0435\u043c\u0435\u043d\u043d\u044b\u0435 \u0437\u0432\u0451\u0437\u0434\u044b"
    }
},
{
    "model": "galaxy.astronomicalobjecttype",
    "pk": 27,
    "fields": {
        "name": "\u041a\u043e\u043c\u043f\u0430\u043a\u0442\u043d\u044b\u0435 \u0437\u0432\u0451\u0437\u0434\u044b"
    }
},
{
    "model": "galaxy.astronomicalobjecttype",
    "pk": 28,
    "fields": {
        "name": "\u0422\u0451\u043c\u043d\u044b\u0435 \u0437\u0432\u0451\u0437\u0434\u044b (\u0433\u0438\u043f\u043e\u0442\u0435\u0437\u0430.)"
    }
},
{
    "model": "galaxy.astronomicalobjectgroup",
    "pk": 2,
    "fields": {
        "asto_type": 3,
        "classification": 3,
        "scale": 3
    }
},
{
    "model": "galaxy.astronomicalobjectgroup",
    "pk": 3,
    "fields": {
        "asto_type": 4,
        "classification": 3,
        "scale": 3
    }
},
{
    "model": "galaxy.astronomicalobjectgroup",
    "pk": 4,
    "fields": {
        "asto_type": 5,
        "classification": 3,
        "scale": 3
    }
},
{
    "model": "galaxy.astronomicalobjectgroup",
    "pk": 5,
    "fields": {
        "asto_type": 6,
        "classification": 3,
        "scale": 3
    }
},
{
    "model": "galaxy.astronomicalobjectgroup",
    "pk": 6,
    "fields": {
        "asto_type": 17,
        "classification": 5,
        "scale": 2
    }
},
{
    "model": "galaxy.astronomicalobjectgroup",
    "pk": 7,
    "fields": {
        "asto_type": 18,
        "classification": 5,
        "scale": 2
    }
},
{
    "model": "galaxy.astronomicalobjectgroup",
    "pk": 8,
    "fields": {
        "asto_type": 19,
        "classification": 5,
        "scale": 2
    }
},
{
    "model": "galaxy.astronomicalobjectgroup",
    "pk": 9,
    "fields": {
        "asto_type": 20,
        "classification": 5,
        "scale": 2
    }
},
{
    "model": "galaxy.astronomicalobjectgroup",
    "pk": 10,
    "fields": {
        "asto_type": 21,
        "classification": 5,
        "scale": 2
    }
},
{
    "model": "galaxy.astronomicalobjectgroup",
    "pk": 11,
    "fields": {
        "asto_type": 22,
        "classification": 6,
        "scale": 1
    }
},
{
    "model": "galaxy.astronomicalobjectgroup",
    "pk": 12,
    "fields": {
        "asto_type": 23,
        "classification": 6,
        "scale": 1
    }
},
{
    "model": "galaxy.astronomicalobjectgroup",
    "pk": 13,
    "fields": {
        "asto_type": 24,
        "classification": 6,
        "scale": 1
    }
},
{
    "model": "galaxy.astronomicalobjectgroup",
    "pk": 14,
    "fields": {
        "asto_type": 25,
        "classification": 6,
        "scale": 1
    }
},
{
    "model": "galaxy.astronomicalobjectgroup",
    "pk": 15,
    "fields": {
        "asto_type": 26,
        "classification": 6,
        "scale": 1
    }
},
{
    "model": "galaxy.astronomicalobjectgroup",
    "pk": 16,
    "fields": {
        "asto_type": 27,
        "classification": 6,
        "scale": 1
    }
},
{
    "model": "galaxy.astronomicalobjectgroup",
    "pk": 17,
    "fields": {
        "asto_type": 28,
        "classification": 6,
        "scale": 1
    }
},
{
    "model": "galaxy.astronomicalobjectgroup",
    "pk": 18,
    "fields": {
        "asto_type": 7,
        "classification": 4,
        "scale": 2
    }
},
{
    "model": "galaxy.astronomicalobjectgroup",
    "pk": 19,
    "fields": {
        "asto_type": 8,
        "classification": 4,
        "scale": 2
    }
},
{
    "model": "galaxy.astronomicalobjectgroup",
    "pk": 20,
    "fields": {
        "asto_type": 9,
        "classification": 4,
        "scale": 2
    }
},
{
    "model": "galaxy.astronomicalobjectgroup",
    "pk": 21,
    "fields": {
        "asto_type": 10,
        "classification": 4,
        "scale": 2
    }
},
{
    "model": "galaxy.astronomicalobjectgroup",
    "pk": 22,
    "fields": {
        "asto_type": 11,
        "classification": 4,
        "scale": 2
    }
},
{
    "model": "galaxy.astronomicalobjectgroup",
    "pk": 23,
    "fields": {
        "asto_type": 12,
        "classification": 4,
        "scale": 2
    }
},
{
    "model": "galaxy.astronomicalobjectgroup",
    "pk": 24,
    "fields": {
        "asto_type": 13,
        "classification": 4,
        "scale": 2
    }
},
{
    "model": "galaxy.astronomicalobjectgroup",
    "pk": 25,
    "fields": {
        "asto_type": 14,
        "classification": 4,
        "scale": 2
    }
},
{
    "model": "galaxy.astronomicalobjectgroup",
    "pk": 26,
    "fields": {
        "asto_type": 15,
        "classification": 4,
        "scale": 2
    }
},
{
    "model": "galaxy.astronomicalobjectgroup",
    "pk": 27,
    "fields": {
        "asto_type": 16,
        "classification": 4,
        "scale": 2
    }
}
]
